{"_step":99,"_wandb":{"runtime":22},"train_loss":2.593904177347819,"train_acc":13.333333333333334,"val_loss":2.614480972290039,"val_acc":19.11764705882353,"_timestamp":1.741713715603754e+09,"_runtime":22.307889}